file,line,type,commit,author,date,time,timezone,datetime,depth,length
style.css,1,css,f5004f94,Anisha Kalgi,2026-04-17,19:40:25,-07:00,2026-04-17T19:40:25-07:00,0,5
style.css,2,css,f5004f94,Anisha Kalgi,2026-04-17,19:40:25,-07:00,2026-04-17T19:40:25-07:00,1,23
style.css,3,css,f5004f94,Anisha Kalgi,2026-04-17,19:40:25,-07:00,2026-04-17T19:40:25-07:00,0,0
style.css,4,css,f5004f94,Anisha Kalgi,2026-04-17,19:40:25,-07:00,2026-04-17T19:40:25-07:00,0,0
style.css,5,css,41d4b30f,Anisha Kalgi,2026-04-03,19:07:59,-07:00,2026-04-03T19:07:59-07:00,0,4
style.css,6,css,41d4b30f,Anisha Kalgi,2026-04-03,19:07:59,-07:00,2026-04-03T19:07:59-07:00,1,23
style.css,7,css,b0734d14,Anisha Kalgi,2026-04-10,19:42:44,-07:00,2026-04-10T19:42:44-07:00,1,13
style.css,8,css,b0734d14,Anisha Kalgi,2026-04-10,19:42:44,-07:00,2026-04-10T19:42:44-07:00,1,15
style.css,9,css,b0734d14,Anisha Kalgi,2026-04-10,19:42:44,-07:00,2026-04-10T19:42:44-07:00,1,42
style.css,10,css,b0734d14,Anisha Kalgi,2026-04-10,19:42:44,-07:00,2026-04-10T19:42:44-07:00,0,0
style.css,11,css,b0734d14,Anisha Kalgi,2026-04-10,19:42:44,-07:00,2026-04-10T19:42:44-07:00,0,0
style.css,12,css,3ace4987,Anisha Kalgi,2026-04-25,17:25:12,-07:00,2026-04-25T17:25:12-07:00,0,3
style.css,13,css,f5004f94,Anisha Kalgi,2026-04-17,19:40:25,-07:00,2026-04-17T19:40:25-07:00,1,39
style.css,14,css,f5004f94,Anisha Kalgi,2026-04-17,19:40:25,-07:00,2026-04-17T19:40:25-07:00,1,12
style.css,15,css,f5004f94,Anisha Kalgi,2026-04-17,19:40:25,-07:00,2026-04-17T19:40:25-07:00,1,17
style.css,16,css,f5004f94,Anisha Kalgi,2026-04-17,19:40:25,-07:00,2026-04-17T19:40:25-07:00,1,43
style.css,17,css,b0734d14,Anisha Kalgi,2026-04-10,19:42:44,-07:00,2026-04-10T19:42:44-07:00,0,0
style.css,18,css,b0734d14,Anisha Kalgi,2026-04-10,19:42:44,-07:00,2026-04-10T19:42:44-07:00,0,0
style.css,19,css,3ace4987,Anisha Kalgi,2026-04-25,17:25:12,-07:00,2026-04-25T17:25:12-07:00,0,5
style.css,20,css,b0734d14,Anisha Kalgi,2026-04-10,19:42:44,-07:00,2026-04-10T19:42:44-07:00,1,6
style.css,21,css,b0734d14,Anisha Kalgi,2026-04-10,19:42:44,-07:00,2026-04-10T19:42:44-07:00,1,17
style.css,22,css,b0734d14,Anisha Kalgi,2026-04-10,19:42:44,-07:00,2026-04-10T19:42:44-07:00,1,20
style.css,23,css,b0734d14,Anisha Kalgi,2026-04-10,19:42:44,-07:00,2026-04-10T19:42:44-07:00,1,13
style.css,24,css,b0734d14,Anisha Kalgi,2026-04-10,19:42:44,-07:00,2026-04-10T19:42:44-07:00,1,13
style.css,25,css,b0734d14,Anisha Kalgi,2026-04-10,19:42:44,-07:00,2026-04-10T19:42:44-07:00,0,0
style.css,26,css,b0734d14,Anisha Kalgi,2026-04-10,19:42:44,-07:00,2026-04-10T19:42:44-07:00,0,0
style.css,27,css,b0734d14,Anisha Kalgi,2026-04-10,19:42:44,-07:00,2026-04-10T19:42:44-07:00,0,13
style.css,28,css,b0734d14,Anisha Kalgi,2026-04-10,19:42:44,-07:00,2026-04-10T19:42:44-07:00,1,16
style.css,29,css,b0734d14,Anisha Kalgi,2026-04-10,19:42:44,-07:00,2026-04-10T19:42:44-07:00,1,25
style.css,30,css,b0734d14,Anisha Kalgi,2026-04-10,19:42:44,-07:00,2026-04-10T19:42:44-07:00,1,43
style.css,31,css,b0734d14,Anisha Kalgi,2026-04-10,19:42:44,-07:00,2026-04-10T19:42:44-07:00,1,20
style.css,32,css,b0734d14,Anisha Kalgi,2026-04-10,19:42:44,-07:00,2026-04-10T19:42:44-07:00,1,26
style.css,33,css,b0734d14,Anisha Kalgi,2026-04-10,19:42:44,-07:00,2026-04-10T19:42:44-07:00,0,0
style.css,34,css,b0734d14,Anisha Kalgi,2026-04-10,19:42:44,-07:00,2026-04-10T19:42:44-07:00,0,0
style.css,35,css,f5004f94,Anisha Kalgi,2026-04-17,19:40:25,-07:00,2026-04-17T19:40:25-07:00,0,11
style.css,36,css,f5004f94,Anisha Kalgi,2026-04-17,19:40:25,-07:00,2026-04-17T19:40:25-07:00,1,69
style.css,37,css,f5004f94,Anisha Kalgi,2026-04-17,19:40:25,-07:00,2026-04-17T19:40:25-07:00,0,0
style.css,38,css,f5004f94,Anisha Kalgi,2026-04-17,19:40:25,-07:00,2026-04-17T19:40:25-07:00,0,0
style.css,39,css,f5004f94,Anisha Kalgi,2026-04-17,19:40:25,-07:00,2026-04-17T19:40:25-07:00,0,4
style.css,40,css,b0734d14,Anisha Kalgi,2026-04-10,19:42:44,-07:00,2026-04-10T19:42:44-07:00,0,7
style.css,41,css,f5004f94,Anisha Kalgi,2026-04-17,19:40:25,-07:00,2026-04-17T19:40:25-07:00,0,5
style.css,42,css,f5004f94,Anisha Kalgi,2026-04-17,19:40:25,-07:00,2026-04-17T19:40:25-07:00,0,6
style.css,43,css,b0734d14,Anisha Kalgi,2026-04-10,19:42:44,-07:00,2026-04-10T19:42:44-07:00,1,12
style.css,44,css,b0734d14,Anisha Kalgi,2026-04-10,19:42:44,-07:00,2026-04-10T19:42:44-07:00,0,0
style.css,45,css,b0734d14,Anisha Kalgi,2026-04-10,19:42:44,-07:00,2026-04-10T19:42:44-07:00,0,0
style.css,46,css,b0734d14,Anisha Kalgi,2026-04-10,19:42:44,-07:00,2026-04-10T19:42:44-07:00,0,4
style.css,47,css,b0734d14,Anisha Kalgi,2026-04-10,19:42:44,-07:00,2026-04-10T19:42:44-07:00,0,8
style.css,48,css,b0734d14,Anisha Kalgi,2026-04-10,19:42:44,-07:00,2026-04-10T19:42:44-07:00,1,21
style.css,49,css,b0734d14,Anisha Kalgi,2026-04-10,19:42:44,-07:00,2026-04-10T19:42:44-07:00,0,0
style.css,50,css,b0734d14,Anisha Kalgi,2026-04-10,19:42:44,-07:00,2026-04-10T19:42:44-07:00,0,0
style.css,51,css,b0734d14,Anisha Kalgi,2026-04-10,19:42:44,-07:00,2026-04-10T19:42:44-07:00,0,4
style.css,52,css,b0734d14,Anisha Kalgi,2026-04-10,19:42:44,-07:00,2026-04-10T19:42:44-07:00,1,12
style.css,53,css,b0734d14,Anisha Kalgi,2026-04-10,19:42:44,-07:00,2026-04-10T19:42:44-07:00,1,30
style.css,54,css,b0734d14,Anisha Kalgi,2026-04-10,19:42:44,-07:00,2026-04-10T19:42:44-07:00,1,7
style.css,55,css,b0734d14,Anisha Kalgi,2026-04-10,19:42:44,-07:00,2026-04-10T19:42:44-07:00,0,0
style.css,56,css,b0734d14,Anisha Kalgi,2026-04-10,19:42:44,-07:00,2026-04-10T19:42:44-07:00,0,0
style.css,57,css,b0734d14,Anisha Kalgi,2026-04-10,19:42:44,-07:00,2026-04-10T19:42:44-07:00,0,5
style.css,58,css,b0734d14,Anisha Kalgi,2026-04-10,19:42:44,-07:00,2026-04-10T19:42:44-07:00,1,12
style.css,59,css,b0734d14,Anisha Kalgi,2026-04-10,19:42:44,-07:00,2026-04-10T19:42:44-07:00,1,29
style.css,60,css,b0734d14,Anisha Kalgi,2026-04-10,19:42:44,-07:00,2026-04-10T19:42:44-07:00,1,18
style.css,61,css,b0734d14,Anisha Kalgi,2026-04-10,19:42:44,-07:00,2026-04-10T19:42:44-07:00,0,0
style.css,62,css,b0734d14,Anisha Kalgi,2026-04-10,19:42:44,-07:00,2026-04-10T19:42:44-07:00,0,0
style.css,63,css,b0734d14,Anisha Kalgi,2026-04-10,19:42:44,-07:00,2026-04-10T19:42:44-07:00,0,9
style.css,64,css,b0734d14,Anisha Kalgi,2026-04-10,19:42:44,-07:00,2026-04-10T19:42:44-07:00,1,12
style.css,65,css,b0734d14,Anisha Kalgi,2026-04-10,19:42:44,-07:00,2026-04-10T19:42:44-07:00,1,58
style.css,66,css,b0734d14,Anisha Kalgi,2026-04-10,19:42:44,-07:00,2026-04-10T19:42:44-07:00,1,7
style.css,67,css,b0734d14,Anisha Kalgi,2026-04-10,19:42:44,-07:00,2026-04-10T19:42:44-07:00,0,0
style.css,68,css,b0734d14,Anisha Kalgi,2026-04-10,19:42:44,-07:00,2026-04-10T19:42:44-07:00,0,0
style.css,69,css,b0734d14,Anisha Kalgi,2026-04-10,19:42:44,-07:00,2026-04-10T19:42:44-07:00,0,17
style.css,70,css,b0734d14,Anisha Kalgi,2026-04-10,19:42:44,-07:00,2026-04-10T19:42:44-07:00,1,12
style.css,71,css,b0734d14,Anisha Kalgi,2026-04-10,19:42:44,-07:00,2026-04-10T19:42:44-07:00,1,26
style.css,72,css,b0734d14,Anisha Kalgi,2026-04-10,19:42:44,-07:00,2026-04-10T19:42:44-07:00,1,15
style.css,73,css,b0734d14,Anisha Kalgi,2026-04-10,19:42:44,-07:00,2026-04-10T19:42:44-07:00,1,9
style.css,74,css,b0734d14,Anisha Kalgi,2026-04-10,19:42:44,-07:00,2026-04-10T19:42:44-07:00,0,0
style.css,75,css,b0734d14,Anisha Kalgi,2026-04-10,19:42:44,-07:00,2026-04-10T19:42:44-07:00,0,0
style.css,76,css,b0734d14,Anisha Kalgi,2026-04-10,19:42:44,-07:00,2026-04-10T19:42:44-07:00,0,12
style.css,77,css,b0734d14,Anisha Kalgi,2026-04-10,19:42:44,-07:00,2026-04-10T19:42:44-07:00,1,8
style.css,78,css,b0734d14,Anisha Kalgi,2026-04-10,19:42:44,-07:00,2026-04-10T19:42:44-07:00,0,0
style.css,79,css,b0734d14,Anisha Kalgi,2026-04-10,19:42:44,-07:00,2026-04-10T19:42:44-07:00,0,0
style.css,80,css,b0734d14,Anisha Kalgi,2026-04-10,19:42:44,-07:00,2026-04-10T19:42:44-07:00,0,2
style.css,81,css,b0734d14,Anisha Kalgi,2026-04-10,19:42:44,-07:00,2026-04-10T19:42:44-07:00,1,14
style.css,82,css,b0734d14,Anisha Kalgi,2026-04-10,19:42:44,-07:00,2026-04-10T19:42:44-07:00,0,0
style.css,83,css,b0734d14,Anisha Kalgi,2026-04-10,19:42:44,-07:00,2026-04-10T19:42:44-07:00,0,0
style.css,84,css,b0734d14,Anisha Kalgi,2026-04-10,19:42:44,-07:00,2026-04-10T19:42:44-07:00,0,1
style.css,85,css,b0734d14,Anisha Kalgi,2026-04-10,19:42:44,-07:00,2026-04-10T19:42:44-07:00,0,1
style.css,86,css,b0734d14,Anisha Kalgi,2026-04-10,19:42:44,-07:00,2026-04-10T19:42:44-07:00,0,1
style.css,87,css,b0734d14,Anisha Kalgi,2026-04-10,19:42:44,-07:00,2026-04-10T19:42:44-07:00,0,1
style.css,88,css,b0734d14,Anisha Kalgi,2026-04-10,19:42:44,-07:00,2026-04-10T19:42:44-07:00,0,1
style.css,89,css,b0734d14,Anisha Kalgi,2026-04-10,19:42:44,-07:00,2026-04-10T19:42:44-07:00,0,2
style.css,90,css,b0734d14,Anisha Kalgi,2026-04-10,19:42:44,-07:00,2026-04-10T19:42:44-07:00,1,15
style.css,91,css,b0734d14,Anisha Kalgi,2026-04-10,19:42:44,-07:00,2026-04-10T19:42:44-07:00,1,17
style.css,92,css,b0734d14,Anisha Kalgi,2026-04-10,19:42:44,-07:00,2026-04-10T19:42:44-07:00,0,0
style.css,93,css,b0734d14,Anisha Kalgi,2026-04-10,19:42:44,-07:00,2026-04-10T19:42:44-07:00,0,0
style.css,94,css,77c5914c,Anisha Kalgi,2026-04-10,19:58:01,-07:00,2026-04-10T19:58:01-07:00,0,32
style.css,95,css,b0734d14,Anisha Kalgi,2026-04-10,19:42:44,-07:00,2026-04-10T19:42:44-07:00,0,0
style.css,96,css,f5004f94,Anisha Kalgi,2026-04-17,19:40:25,-07:00,2026-04-17T19:40:25-07:00,0,15
style.css,97,css,b0734d14,Anisha Kalgi,2026-04-10,19:42:44,-07:00,2026-04-10T19:42:44-07:00,1,14
style.css,98,css,b0734d14,Anisha Kalgi,2026-04-10,19:42:44,-07:00,2026-04-10T19:42:44-07:00,1,16
style.css,99,css,b0734d14,Anisha Kalgi,2026-04-10,19:42:44,-07:00,2026-04-10T19:42:44-07:00,1,12
style.css,100,css,b0734d14,Anisha Kalgi,2026-04-10,19:42:44,-07:00,2026-04-10T19:42:44-07:00,1,33
style.css,101,css,b0734d14,Anisha Kalgi,2026-04-10,19:42:44,-07:00,2026-04-10T19:42:44-07:00,1,15
style.css,102,css,b0734d14,Anisha Kalgi,2026-04-10,19:42:44,-07:00,2026-04-10T19:42:44-07:00,0,0
style.css,103,css,b0734d14,Anisha Kalgi,2026-04-10,19:42:44,-07:00,2026-04-10T19:42:44-07:00,0,0
style.css,104,css,77c5914c,Anisha Kalgi,2026-04-10,19:58:01,-07:00,2026-04-10T19:58:01-07:00,0,10
style.css,105,css,b0734d14,Anisha Kalgi,2026-04-10,19:42:44,-07:00,2026-04-10T19:42:44-07:00,1,14
style.css,106,css,b0734d14,Anisha Kalgi,2026-04-10,19:42:44,-07:00,2026-04-10T19:42:44-07:00,1,20
style.css,107,css,b0734d14,Anisha Kalgi,2026-04-10,19:42:44,-07:00,2026-04-10T19:42:44-07:00,0,0
style.css,108,css,b0734d14,Anisha Kalgi,2026-04-10,19:42:44,-07:00,2026-04-10T19:42:44-07:00,0,0
style.css,109,css,77c5914c,Anisha Kalgi,2026-04-10,19:58:01,-07:00,2026-04-10T19:58:01-07:00,0,10
style.css,110,css,b0734d14,Anisha Kalgi,2026-04-10,19:42:44,-07:00,2026-04-10T19:42:44-07:00,1,15
style.css,111,css,f5004f94,Anisha Kalgi,2026-04-17,19:40:25,-07:00,2026-04-17T19:40:25-07:00,1,43
style.css,112,css,b0734d14,Anisha Kalgi,2026-04-10,19:42:44,-07:00,2026-04-10T19:42:44-07:00,1,21
style.css,113,css,b0734d14,Anisha Kalgi,2026-04-10,19:42:44,-07:00,2026-04-10T19:42:44-07:00,0,0
style.css,114,css,b0734d14,Anisha Kalgi,2026-04-10,19:42:44,-07:00,2026-04-10T19:42:44-07:00,0,0
style.css,115,css,77c5914c,Anisha Kalgi,2026-04-10,19:58:01,-07:00,2026-04-10T19:58:01-07:00,0,15
style.css,116,css,f5004f94,Anisha Kalgi,2026-04-17,19:40:25,-07:00,2026-04-17T19:40:25-07:00,1,17
style.css,117,css,f5004f94,Anisha Kalgi,2026-04-17,19:40:25,-07:00,2026-04-17T19:40:25-07:00,1,36
style.css,118,css,77c5914c,Anisha Kalgi,2026-04-10,19:58:01,-07:00,2026-04-10T19:58:01-07:00,0,0
style.css,119,css,77c5914c,Anisha Kalgi,2026-04-10,19:58:01,-07:00,2026-04-10T19:58:01-07:00,0,0
style.css,120,css,77c5914c,Anisha Kalgi,2026-04-10,19:58:01,-07:00,2026-04-10T19:58:01-07:00,0,23
style.css,121,css,77c5914c,Anisha Kalgi,2026-04-10,19:58:01,-07:00,2026-04-10T19:58:01-07:00,1,15
style.css,122,css,77c5914c,Anisha Kalgi,2026-04-10,19:58:01,-07:00,2026-04-10T19:58:01-07:00,1,20
style.css,123,css,f5004f94,Anisha Kalgi,2026-04-17,19:40:25,-07:00,2026-04-17T19:40:25-07:00,1,41
style.css,124,css,77c5914c,Anisha Kalgi,2026-04-10,19:58:01,-07:00,2026-04-10T19:58:01-07:00,0,0
style.css,125,css,77c5914c,Anisha Kalgi,2026-04-10,19:58:01,-07:00,2026-04-10T19:58:01-07:00,0,0
style.css,126,css,b0734d14,Anisha Kalgi,2026-04-10,19:42:44,-07:00,2026-04-10T19:42:44-07:00,0,0
style.css,127,css,f5004f94,Anisha Kalgi,2026-04-17,19:40:25,-07:00,2026-04-17T19:40:25-07:00,0,12
style.css,128,css,f5004f94,Anisha Kalgi,2026-04-17,19:40:25,-07:00,2026-04-17T19:40:25-07:00,1,16
style.css,129,css,f5004f94,Anisha Kalgi,2026-04-17,19:40:25,-07:00,2026-04-17T19:40:25-07:00,1,10
style.css,130,css,b0734d14,Anisha Kalgi,2026-04-10,19:42:44,-07:00,2026-04-10T19:42:44-07:00,0,0
style.css,131,css,b0734d14,Anisha Kalgi,2026-04-10,19:42:44,-07:00,2026-04-10T19:42:44-07:00,0,0
style.css,132,css,f5004f94,Anisha Kalgi,2026-04-17,19:40:25,-07:00,2026-04-17T19:40:25-07:00,0,15
style.css,133,css,f5004f94,Anisha Kalgi,2026-04-17,19:40:25,-07:00,2026-04-17T19:40:25-07:00,1,69
style.css,134,css,f5004f94,Anisha Kalgi,2026-04-17,19:40:25,-07:00,2026-04-17T19:40:25-07:00,1,69
style.css,135,css,f5004f94,Anisha Kalgi,2026-04-17,19:40:25,-07:00,2026-04-17T19:40:25-07:00,1,20
style.css,136,css,f5004f94,Anisha Kalgi,2026-04-17,19:40:25,-07:00,2026-04-17T19:40:25-07:00,1,15
style.css,137,css,f5004f94,Anisha Kalgi,2026-04-17,19:40:25,-07:00,2026-04-17T19:40:25-07:00,0,0
style.css,138,css,f5004f94,Anisha Kalgi,2026-04-17,19:40:25,-07:00,2026-04-17T19:40:25-07:00,1,65
style.css,139,css,b0734d14,Anisha Kalgi,2026-04-10,19:42:44,-07:00,2026-04-10T19:42:44-07:00,0,0
style.css,140,css,b0734d14,Anisha Kalgi,2026-04-10,19:42:44,-07:00,2026-04-10T19:42:44-07:00,0,0
style.css,141,css,f5004f94,Anisha Kalgi,2026-04-17,19:40:25,-07:00,2026-04-17T19:40:25-07:00,0,13
style.css,142,css,f5004f94,Anisha Kalgi,2026-04-17,19:40:25,-07:00,2026-04-17T19:40:25-07:00,1,13
style.css,143,css,b0734d14,Anisha Kalgi,2026-04-10,19:42:44,-07:00,2026-04-10T19:42:44-07:00,0,0
style.css,144,css,b0734d14,Anisha Kalgi,2026-04-10,19:42:44,-07:00,2026-04-10T19:42:44-07:00,0,0
style.css,145,css,f5004f94,Anisha Kalgi,2026-04-17,19:40:25,-07:00,2026-04-17T19:40:25-07:00,0,3
style.css,146,css,f5004f94,Anisha Kalgi,2026-04-17,19:40:25,-07:00,2026-04-17T19:40:25-07:00,1,10
style.css,147,css,b0734d14,Anisha Kalgi,2026-04-10,19:42:44,-07:00,2026-04-10T19:42:44-07:00,0,0
style.css,148,css,b0734d14,Anisha Kalgi,2026-04-10,19:42:44,-07:00,2026-04-10T19:42:44-07:00,0,0
style.css,149,css,f5004f94,Anisha Kalgi,2026-04-17,19:40:25,-07:00,2026-04-17T19:40:25-07:00,0,13
style.css,150,css,f5004f94,Anisha Kalgi,2026-04-17,19:40:25,-07:00,2026-04-17T19:40:25-07:00,1,17
style.css,151,css,f5004f94,Anisha Kalgi,2026-04-17,19:40:25,-07:00,2026-04-17T19:40:25-07:00,1,8
style.css,152,css,f5004f94,Anisha Kalgi,2026-04-17,19:40:25,-07:00,2026-04-17T19:40:25-07:00,1,10
style.css,153,css,f5004f94,Anisha Kalgi,2026-04-17,19:40:25,-07:00,2026-04-17T19:40:25-07:00,1,13
style.css,154,css,f5004f94,Anisha Kalgi,2026-04-17,19:40:25,-07:00,2026-04-17T19:40:25-07:00,1,19
style.css,155,css,f5004f94,Anisha Kalgi,2026-04-17,19:40:25,-07:00,2026-04-17T19:40:25-07:00,0,0
style.css,156,css,3ace4987,Anisha Kalgi,2026-04-25,17:25:12,-07:00,2026-04-25T17:25:12-07:00,0,0
style.css,157,css,3ace4987,Anisha Kalgi,2026-04-25,17:25:12,-07:00,2026-04-25T17:25:12-07:00,0,14
style.css,158,css,3ace4987,Anisha Kalgi,2026-04-25,17:25:12,-07:00,2026-04-25T17:25:12-07:00,1,2
style.css,159,css,3ace4987,Anisha Kalgi,2026-04-25,17:25:12,-07:00,2026-04-25T17:25:12-07:00,2,12
style.css,160,css,3ace4987,Anisha Kalgi,2026-04-25,17:25:12,-07:00,2026-04-25T17:25:12-07:00,2,8
style.css,161,css,3ace4987,Anisha Kalgi,2026-04-25,17:25:12,-07:00,2026-04-25T17:25:12-07:00,1,0
style.css,162,css,f303cb62,Anisha Kalgi,2026-05-01,23:15:20,-07:00,2026-05-01T23:15:20-07:00,0,0
style.css,163,css,f303cb62,Anisha Kalgi,2026-05-01,23:15:20,-07:00,2026-05-01T23:15:20-07:00,0,0
style.css,164,css,f303cb62,Anisha Kalgi,2026-05-01,23:15:20,-07:00,2026-05-01T23:15:20-07:00,0,5
style.css,165,css,f303cb62,Anisha Kalgi,2026-05-01,23:15:20,-07:00,2026-05-01T23:15:20-07:00,1,13
style.css,166,css,f303cb62,Anisha Kalgi,2026-05-01,23:15:20,-07:00,2026-05-01T23:15:20-07:00,1,14
style.css,167,css,f303cb62,Anisha Kalgi,2026-05-01,23:15:20,-07:00,2026-05-01T23:15:20-07:00,1,15
style.css,168,css,f303cb62,Anisha Kalgi,2026-05-01,23:15:20,-07:00,2026-05-01T23:15:20-07:00,1,10
style.css,169,css,f303cb62,Anisha Kalgi,2026-05-01,23:15:20,-07:00,2026-05-01T23:15:20-07:00,1,25
style.css,170,css,f303cb62,Anisha Kalgi,2026-05-01,23:15:20,-07:00,2026-05-01T23:15:20-07:00,1,33
style.css,171,css,f303cb62,Anisha Kalgi,2026-05-01,23:15:20,-07:00,2026-05-01T23:15:20-07:00,0,0
style.css,172,css,f303cb62,Anisha Kalgi,2026-05-01,23:15:20,-07:00,2026-05-01T23:15:20-07:00,0,0
style.css,173,css,f303cb62,Anisha Kalgi,2026-05-01,23:15:20,-07:00,2026-05-01T23:15:20-07:00,0,14
style.css,174,css,f303cb62,Anisha Kalgi,2026-05-01,23:15:20,-07:00,2026-05-01T23:15:20-07:00,1,13
style.css,175,css,f303cb62,Anisha Kalgi,2026-05-01,23:15:20,-07:00,2026-05-01T23:15:20-07:00,1,10
style.css,176,css,f303cb62,Anisha Kalgi,2026-05-01,23:15:20,-07:00,2026-05-01T23:15:20-07:00,1,14
style.css,177,css,f303cb62,Anisha Kalgi,2026-05-01,23:15:20,-07:00,2026-05-01T23:15:20-07:00,1,11
style.css,178,css,f303cb62,Anisha Kalgi,2026-05-01,23:15:20,-07:00,2026-05-01T23:15:20-07:00,1,16
style.css,179,css,f303cb62,Anisha Kalgi,2026-05-01,23:15:20,-07:00,2026-05-01T23:15:20-07:00,1,16
style.css,180,css,f303cb62,Anisha Kalgi,2026-05-01,23:15:20,-07:00,2026-05-01T23:15:20-07:00,0,0
style.css,181,css,f303cb62,Anisha Kalgi,2026-05-01,23:15:20,-07:00,2026-05-01T23:15:20-07:00,0,0
style.css,182,css,f303cb62,Anisha Kalgi,2026-05-01,23:15:20,-07:00,2026-05-01T23:15:20-07:00,0,18
style.css,183,css,f303cb62,Anisha Kalgi,2026-05-01,23:15:20,-07:00,2026-05-01T23:15:20-07:00,1,14
style.css,184,css,f303cb62,Anisha Kalgi,2026-05-01,23:15:20,-07:00,2026-05-01T23:15:20-07:00,1,16
style.css,185,css,f303cb62,Anisha Kalgi,2026-05-01,23:15:20,-07:00,2026-05-01T23:15:20-07:00,0,0
style.css,186,css,f303cb62,Anisha Kalgi,2026-05-01,23:15:20,-07:00,2026-05-01T23:15:20-07:00,1,16
style.css,187,css,f303cb62,Anisha Kalgi,2026-05-01,23:15:20,-07:00,2026-05-01T23:15:20-07:00,0,0
style.css,188,css,f303cb62,Anisha Kalgi,2026-05-01,23:15:20,-07:00,2026-05-01T23:15:20-07:00,0,0
style.css,189,css,f303cb62,Anisha Kalgi,2026-05-01,23:15:20,-07:00,2026-05-01T23:15:20-07:00,0,17
style.css,190,css,f303cb62,Anisha Kalgi,2026-05-01,23:15:20,-07:00,2026-05-01T23:15:20-07:00,1,16
style.css,191,css,f303cb62,Anisha Kalgi,2026-05-01,23:15:20,-07:00,2026-05-01T23:15:20-07:00,2,11
style.css,192,css,f303cb62,Anisha Kalgi,2026-05-01,23:15:20,-07:00,2026-05-01T23:15:20-07:00,1,0
style.css,193,css,f303cb62,Anisha Kalgi,2026-05-01,23:15:20,-07:00,2026-05-01T23:15:20-07:00,0,0
style.css,194,css,f303cb62,Anisha Kalgi,2026-05-01,23:15:20,-07:00,2026-05-01T23:15:20-07:00,0,0
style.css,195,css,f303cb62,Anisha Kalgi,2026-05-01,23:15:20,-07:00,2026-05-01T23:15:20-07:00,0,4
style.css,196,css,f303cb62,Anisha Kalgi,2026-05-01,23:15:20,-07:00,2026-05-01T23:15:20-07:00,1,16
style.css,197,css,f303cb62,Anisha Kalgi,2026-05-01,23:15:20,-07:00,2026-05-01T23:15:20-07:00,0,0
style.css,198,css,f303cb62,Anisha Kalgi,2026-05-01,23:15:20,-07:00,2026-05-01T23:15:20-07:00,0,0
style.css,199,css,f303cb62,Anisha Kalgi,2026-05-01,23:15:20,-07:00,2026-05-01T23:15:20-07:00,0,9
style.css,200,css,f303cb62,Anisha Kalgi,2026-05-01,23:15:20,-07:00,2026-05-01T23:15:20-07:00,1,35
style.css,201,css,f303cb62,Anisha Kalgi,2026-05-01,23:15:20,-07:00,2026-05-01T23:15:20-07:00,0,0
style.css,202,css,f303cb62,Anisha Kalgi,2026-05-01,23:15:20,-07:00,2026-05-01T23:15:20-07:00,1,10
style.css,203,css,f303cb62,Anisha Kalgi,2026-05-01,23:15:20,-07:00,2026-05-01T23:15:20-07:00,2,17
style.css,204,css,f303cb62,Anisha Kalgi,2026-05-01,23:15:20,-07:00,2026-05-01T23:15:20-07:00,1,0
style.css,205,css,f303cb62,Anisha Kalgi,2026-05-01,23:15:20,-07:00,2026-05-01T23:15:20-07:00,0,0
style.css,206,css,f303cb62,Anisha Kalgi,2026-05-01,23:15:20,-07:00,2026-05-01T23:15:20-07:00,0,0
style.css,207,css,f303cb62,Anisha Kalgi,2026-05-01,23:15:20,-07:00,2026-05-01T23:15:20-07:00,0,0
style.css,208,css,f303cb62,Anisha Kalgi,2026-05-01,23:15:20,-07:00,2026-05-01T23:15:20-07:00,0,7
style.css,209,css,f303cb62,Anisha Kalgi,2026-05-01,23:15:20,-07:00,2026-05-01T23:15:20-07:00,1,12
style.css,210,css,f303cb62,Anisha Kalgi,2026-05-01,23:15:20,-07:00,2026-05-01T23:15:20-07:00,1,57
style.css,211,css,f303cb62,Anisha Kalgi,2026-05-01,23:15:20,-07:00,2026-05-01T23:15:20-07:00,1,9
style.css,212,css,f303cb62,Anisha Kalgi,2026-05-01,23:15:20,-07:00,2026-05-01T23:15:20-07:00,1,15
style.css,213,css,f303cb62,Anisha Kalgi,2026-05-01,23:15:20,-07:00,2026-05-01T23:15:20-07:00,1,9
style.css,214,css,f303cb62,Anisha Kalgi,2026-05-01,23:15:20,-07:00,2026-05-01T23:15:20-07:00,0,0
style.css,215,css,f303cb62,Anisha Kalgi,2026-05-01,23:15:20,-07:00,2026-05-01T23:15:20-07:00,0,0
style.css,216,css,f303cb62,Anisha Kalgi,2026-05-01,23:15:20,-07:00,2026-05-01T23:15:20-07:00,0,10
style.css,217,css,f303cb62,Anisha Kalgi,2026-05-01,23:15:20,-07:00,2026-05-01T23:15:20-07:00,1,12
style.css,218,css,f303cb62,Anisha Kalgi,2026-05-01,23:15:20,-07:00,2026-05-01T23:15:20-07:00,1,18
style.css,219,css,f303cb62,Anisha Kalgi,2026-05-01,23:15:20,-07:00,2026-05-01T23:15:20-07:00,1,9
style.css,220,css,f303cb62,Anisha Kalgi,2026-05-01,23:15:20,-07:00,2026-05-01T23:15:20-07:00,0,0
style.css,221,css,f303cb62,Anisha Kalgi,2026-05-01,23:15:20,-07:00,2026-05-01T23:15:20-07:00,0,0
style.css,222,css,f303cb62,Anisha Kalgi,2026-05-01,23:15:20,-07:00,2026-05-01T23:15:20-07:00,0,7
style.css,223,css,f303cb62,Anisha Kalgi,2026-05-01,23:15:20,-07:00,2026-05-01T23:15:20-07:00,1,9
style.css,224,css,f303cb62,Anisha Kalgi,2026-05-01,23:15:20,-07:00,2026-05-01T23:15:20-07:00,1,18
style.css,225,css,f303cb62,Anisha Kalgi,2026-05-01,23:15:20,-07:00,2026-05-01T23:15:20-07:00,1,17
style.css,226,css,f303cb62,Anisha Kalgi,2026-05-01,23:15:20,-07:00,2026-05-01T23:15:20-07:00,1,23
style.css,227,css,f303cb62,Anisha Kalgi,2026-05-01,23:15:20,-07:00,2026-05-01T23:15:20-07:00,1,20
style.css,228,css,f303cb62,Anisha Kalgi,2026-05-01,23:15:20,-07:00,2026-05-01T23:15:20-07:00,0,0
style.css,229,css,f303cb62,Anisha Kalgi,2026-05-01,23:15:20,-07:00,2026-05-01T23:15:20-07:00,0,0
style.css,230,css,f303cb62,Anisha Kalgi,2026-05-01,23:15:20,-07:00,2026-05-01T23:15:20-07:00,0,7
style.css,231,css,f303cb62,Anisha Kalgi,2026-05-01,23:15:20,-07:00,2026-05-01T23:15:20-07:00,1,42
style.css,232,css,f303cb62,Anisha Kalgi,2026-05-01,23:15:20,-07:00,2026-05-01T23:15:20-07:00,1,14
style.css,233,css,f303cb62,Anisha Kalgi,2026-05-01,23:15:20,-07:00,2026-05-01T23:15:20-07:00,1,16
style.css,234,css,f303cb62,Anisha Kalgi,2026-05-01,23:15:20,-07:00,2026-05-01T23:15:20-07:00,1,19
style.css,235,css,f303cb62,Anisha Kalgi,2026-05-01,23:15:20,-07:00,2026-05-01T23:15:20-07:00,1,52
style.css,236,css,f303cb62,Anisha Kalgi,2026-05-01,23:15:20,-07:00,2026-05-01T23:15:20-07:00,1,39
style.css,237,css,f303cb62,Anisha Kalgi,2026-05-01,23:15:20,-07:00,2026-05-01T23:15:20-07:00,0,0
style.css,238,css,f303cb62,Anisha Kalgi,2026-05-01,23:15:20,-07:00,2026-05-01T23:15:20-07:00,0,0
style.css,239,css,f303cb62,Anisha Kalgi,2026-05-01,23:15:20,-07:00,2026-05-01T23:15:20-07:00,0,16
style.css,240,css,f303cb62,Anisha Kalgi,2026-05-01,23:15:20,-07:00,2026-05-01T23:15:20-07:00,1,12
style.css,241,css,f303cb62,Anisha Kalgi,2026-05-01,23:15:20,-07:00,2026-05-01T23:15:20-07:00,1,18
style.css,242,css,f303cb62,Anisha Kalgi,2026-05-01,23:15:20,-07:00,2026-05-01T23:15:20-07:00,1,8
style.css,243,css,f303cb62,Anisha Kalgi,2026-05-01,23:15:20,-07:00,2026-05-01T23:15:20-07:00,0,0
style.css,244,css,f303cb62,Anisha Kalgi,2026-05-01,23:15:20,-07:00,2026-05-01T23:15:20-07:00,0,0
style.css,245,css,f303cb62,Anisha Kalgi,2026-05-01,23:15:20,-07:00,2026-05-01T23:15:20-07:00,0,7
style.css,246,css,f303cb62,Anisha Kalgi,2026-05-01,23:15:20,-07:00,2026-05-01T23:15:20-07:00,1,6
style.css,247,css,3ace4987,Anisha Kalgi,2026-04-25,17:25:12,-07:00,2026-04-25T17:25:12-07:00,0,0
index.js,1,js,3ace4987,Anisha Kalgi,2026-04-25,17:25:12,-07:00,2026-04-25T17:25:12-07:00,0,71
index.js,2,js,3ace4987,Anisha Kalgi,2026-04-25,17:25:12,-07:00,2026-04-25T17:25:12-07:00,0,0
index.js,3,js,3ace4987,Anisha Kalgi,2026-04-25,17:25:12,-07:00,2026-04-25T17:25:12-07:00,0,54
index.js,4,js,3ace4987,Anisha Kalgi,2026-04-25,17:25:12,-07:00,2026-04-25T17:25:12-07:00,0,42
index.js,5,js,3ace4987,Anisha Kalgi,2026-04-25,17:25:12,-07:00,2026-04-25T17:25:12-07:00,0,0
index.js,6,js,3ace4987,Anisha Kalgi,2026-04-25,17:25:12,-07:00,2026-04-25T17:25:12-07:00,0,60
index.js,7,js,3ace4987,Anisha Kalgi,2026-04-25,17:25:12,-07:00,2026-04-25T17:25:12-07:00,0,0
index.js,8,js,3ace4987,Anisha Kalgi,2026-04-25,17:25:12,-07:00,2026-04-25T17:25:12-07:00,0,54
index.js,9,js,3ace4987,Anisha Kalgi,2026-04-25,17:25:12,-07:00,2026-04-25T17:25:12-07:00,0,0
index.js,10,js,3ace4987,Anisha Kalgi,2026-04-25,17:25:12,-07:00,2026-04-25T17:25:12-07:00,0,60
index.js,11,js,3ace4987,Anisha Kalgi,2026-04-25,17:25:12,-07:00,2026-04-25T17:25:12-07:00,0,0
index.js,12,js,3ace4987,Anisha Kalgi,2026-04-25,17:25:12,-07:00,2026-04-25T17:25:12-07:00,0,51
index.js,13,js,3ace4987,Anisha Kalgi,2026-04-25,17:25:12,-07:00,2026-04-25T17:25:12-07:00,0,0
index.js,14,js,3ace4987,Anisha Kalgi,2026-04-25,17:25:12,-07:00,2026-04-25T17:25:12-07:00,0,0
index.js,15,js,3ace4987,Anisha Kalgi,2026-04-25,17:25:12,-07:00,2026-04-25T17:25:12-07:00,0,17
index.js,16,js,3ace4987,Anisha Kalgi,2026-04-25,17:25:12,-07:00,2026-04-25T17:25:12-07:00,1,24
index.js,17,js,3ace4987,Anisha Kalgi,2026-04-25,17:25:12,-07:00,2026-04-25T17:25:12-07:00,4,2
index.js,18,js,3ace4987,Anisha Kalgi,2026-04-25,17:25:12,-07:00,2026-04-25T17:25:12-07:00,5,55
index.js,19,js,3ace4987,Anisha Kalgi,2026-04-25,17:25:12,-07:00,2026-04-25T17:25:12-07:00,5,55
index.js,20,js,3ace4987,Anisha Kalgi,2026-04-25,17:25:12,-07:00,2026-04-25T17:25:12-07:00,5,49
index.js,21,js,3ace4987,Anisha Kalgi,2026-04-25,17:25:12,-07:00,2026-04-25T17:25:12-07:00,5,49
index.js,22,js,3ace4987,Anisha Kalgi,2026-04-25,17:25:12,-07:00,2026-04-25T17:25:12-07:00,4,3
index.js,23,js,3ace4987,Anisha Kalgi,2026-04-25,17:25:12,-07:00,2026-04-25T17:25:12-07:00,2,0
index.js,24,js,3ace4987,Anisha Kalgi,2026-04-25,17:25:12,-07:00,2026-04-25T17:25:12-07:00,0,0
index.html,1,html,a768b139,Anisha Kalgi,2026-04-03,00:48:46,-07:00,2026-04-03T00:48:46-07:00,0,13
index.html,2,html,a768b139,Anisha Kalgi,2026-04-03,00:48:46,-07:00,2026-04-03T00:48:46-07:00,0,14
index.html,3,html,3ace4987,Anisha Kalgi,2026-04-25,17:25:12,-07:00,2026-04-25T17:25:12-07:00,0,0
index.html,4,html,a768b139,Anisha Kalgi,2026-04-03,00:48:46,-07:00,2026-04-03T00:48:46-07:00,0,4
index.html,5,html,a768b139,Anisha Kalgi,2026-04-03,00:48:46,-07:00,2026-04-03T00:48:46-07:00,2,20
index.html,6,html,a768b139,Anisha Kalgi,2026-04-03,00:48:46,-07:00,2026-04-03T00:48:46-07:00,2,68
index.html,7,html,a768b139,Anisha Kalgi,2026-04-03,00:48:46,-07:00,2026-04-03T00:48:46-07:00,2,54
index.html,8,html,41d4b30f,Anisha Kalgi,2026-04-03,19:07:59,-07:00,2026-04-03T19:07:59-07:00,2,38
index.html,9,html,f5004f94,Anisha Kalgi,2026-04-17,19:40:25,-07:00,2026-04-17T19:40:25-07:00,2,46
index.html,10,html,3ace4987,Anisha Kalgi,2026-04-25,17:25:12,-07:00,2026-04-25T17:25:12-07:00,2,50
index.html,11,html,a768b139,Anisha Kalgi,2026-04-03,00:48:46,-07:00,2026-04-03T00:48:46-07:00,0,5
index.html,12,html,3ace4987,Anisha Kalgi,2026-04-25,17:25:12,-07:00,2026-04-25T17:25:12-07:00,0,0
index.html,13,html,a768b139,Anisha Kalgi,2026-04-03,00:48:46,-07:00,2026-04-03T00:48:46-07:00,0,4
index.html,14,html,a768b139,Anisha Kalgi,2026-04-03,00:48:46,-07:00,2026-04-03T00:48:46-07:00,2,48
index.html,15,html,3ace4987,Anisha Kalgi,2026-04-25,17:25:12,-07:00,2026-04-25T17:25:12-07:00,2,113
index.html,16,html,3ace4987,Anisha Kalgi,2026-04-25,17:25:12,-07:00,2026-04-25T17:25:12-07:00,4,22
index.html,17,html,41d4b30f,Anisha Kalgi,2026-04-03,19:07:59,-07:00,2026-04-03T19:07:59-07:00,2,90
index.html,18,html,3ace4987,Anisha Kalgi,2026-04-25,17:25:12,-07:00,2026-04-25T17:25:12-07:00,0,0
index.html,19,html,3ace4987,Anisha Kalgi,2026-04-25,17:25:12,-07:00,2026-04-25T17:25:12-07:00,2,22
index.html,20,html,3ace4987,Anisha Kalgi,2026-04-25,17:25:12,-07:00,2026-04-25T17:25:12-07:00,2,20
index.html,21,html,3ace4987,Anisha Kalgi,2026-04-25,17:25:12,-07:00,2026-04-25T17:25:12-07:00,4,49
index.html,22,html,3ace4987,Anisha Kalgi,2026-04-25,17:25:12,-07:00,2026-04-25T17:25:12-07:00,2,4
index.html,23,html,3ace4987,Anisha Kalgi,2026-04-25,17:25:12,-07:00,2026-04-25T17:25:12-07:00,0,0
index.html,24,html,3ace4987,Anisha Kalgi,2026-04-25,17:25:12,-07:00,2026-04-25T17:25:12-07:00,2,26
index.html,25,html,a768b139,Anisha Kalgi,2026-04-03,00:48:46,-07:00,2026-04-03T00:48:46-07:00,0,5
index.html,26,html,b0734d14,Anisha Kalgi,2026-04-10,19:42:44,-07:00,2026-04-10T19:42:44-07:00,0,0
index.html,27,html,3ace4987,Anisha Kalgi,2026-04-25,17:25:12,-07:00,2026-04-25T17:25:12-07:00,0,0
index.html,28,html,3ace4987,Anisha Kalgi,2026-04-25,17:25:12,-07:00,2026-04-25T17:25:12-07:00,0,0
index.html,29,html,a768b139,Anisha Kalgi,2026-04-03,00:48:46,-07:00,2026-04-03T00:48:46-07:00,0,5
global.js,1,js,f5004f94,Anisha Kalgi,2026-04-17,19:40:25,-07:00,2026-04-17T19:40:25-07:00,0,25
global.js,2,js,f5004f94,Anisha Kalgi,2026-04-17,19:40:25,-07:00,2026-04-17T19:40:25-07:00,0,0
global.js,3,js,f5004f94,Anisha Kalgi,2026-04-17,19:40:25,-07:00,2026-04-17T19:40:25-07:00,0,41
global.js,4,js,f5004f94,Anisha Kalgi,2026-04-17,19:40:25,-07:00,2026-04-17T19:40:25-07:00,1,52
global.js,5,js,f5004f94,Anisha Kalgi,2026-04-17,19:40:25,-07:00,2026-04-17T19:40:25-07:00,0,0
global.js,6,js,f5004f94,Anisha Kalgi,2026-04-17,19:40:25,-07:00,2026-04-17T19:40:25-07:00,0,0
global.js,7,js,f5004f94,Anisha Kalgi,2026-04-17,19:40:25,-07:00,2026-04-17T19:40:25-07:00,0,11
global.js,8,js,f5004f94,Anisha Kalgi,2026-04-17,19:40:25,-07:00,2026-04-17T19:40:25-07:00,1,35
global.js,9,js,f5004f94,Anisha Kalgi,2026-04-17,19:40:25,-07:00,2026-04-17T19:40:25-07:00,1,48
global.js,10,js,f5004f94,Anisha Kalgi,2026-04-17,19:40:25,-07:00,2026-04-17T19:40:25-07:00,1,44
global.js,11,js,00000000,Not Committed Yet,2026-05-08,18:17:39,-07:00,2026-05-08T18:17:39-07:00,1,46
global.js,12,js,00000000,Not Committed Yet,2026-05-08,18:17:39,-07:00,2026-05-08T18:17:39-07:00,1,39
global.js,13,js,f5004f94,Anisha Kalgi,2026-04-17,19:40:25,-07:00,2026-04-17T19:40:25-07:00,0,0
global.js,14,js,f5004f94,Anisha Kalgi,2026-04-17,19:40:25,-07:00,2026-04-17T19:40:25-07:00,0,0
global.js,15,js,f5004f94,Anisha Kalgi,2026-04-17,19:40:25,-07:00,2026-04-17T19:40:25-07:00,0,15
global.js,16,js,f5004f94,Anisha Kalgi,2026-04-17,19:40:25,-07:00,2026-04-17T19:40:25-07:00,1,70
global.js,17,js,f5004f94,Anisha Kalgi,2026-04-17,19:40:25,-07:00,2026-04-17T19:40:25-07:00,2,3
global.js,18,js,f5004f94,Anisha Kalgi,2026-04-17,19:40:25,-07:00,2026-04-17T19:40:25-07:00,2,14
global.js,19,js,f5004f94,Anisha Kalgi,2026-04-17,19:40:25,-07:00,2026-04-17T19:40:25-07:00,0,0
global.js,20,js,f5004f94,Anisha Kalgi,2026-04-17,19:40:25,-07:00,2026-04-17T19:40:25-07:00,0,38
global.js,21,js,f5004f94,Anisha Kalgi,2026-04-17,19:40:25,-07:00,2026-04-17T19:40:25-07:00,0,25
global.js,22,js,f5004f94,Anisha Kalgi,2026-04-17,19:40:25,-07:00,2026-04-17T19:40:25-07:00,0,0
global.js,23,js,f5004f94,Anisha Kalgi,2026-04-17,19:40:25,-07:00,2026-04-17T19:40:25-07:00,0,31
global.js,24,js,f5004f94,Anisha Kalgi,2026-04-17,19:40:25,-07:00,2026-04-17T19:40:25-07:00,1,11
global.js,25,js,f5004f94,Anisha Kalgi,2026-04-17,19:40:25,-07:00,2026-04-17T19:40:25-07:00,1,0
global.js,26,js,f5004f94,Anisha Kalgi,2026-04-17,19:40:25,-07:00,2026-04-17T19:40:25-07:00,1,26
global.js,27,js,f5004f94,Anisha Kalgi,2026-04-17,19:40:25,-07:00,2026-04-17T19:40:25-07:00,2,4
global.js,28,js,f5004f94,Anisha Kalgi,2026-04-17,19:40:25,-07:00,2026-04-17T19:40:25-07:00,2,6
global.js,29,js,f5004f94,Anisha Kalgi,2026-04-17,19:40:25,-07:00,2026-04-17T19:40:25-07:00,3,37
global.js,30,js,f5004f94,Anisha Kalgi,2026-04-17,19:40:25,-07:00,2026-04-17T19:40:25-07:00,3,34
global.js,31,js,f5004f94,Anisha Kalgi,2026-04-17,19:40:25,-07:00,2026-04-17T19:40:25-07:00,3,32
global.js,32,js,f5004f94,Anisha Kalgi,2026-04-17,19:40:25,-07:00,2026-04-17T19:40:25-07:00,2,7
global.js,33,js,f5004f94,Anisha Kalgi,2026-04-17,19:40:25,-07:00,2026-04-17T19:40:25-07:00,1,6
global.js,34,js,f5004f94,Anisha Kalgi,2026-04-17,19:40:25,-07:00,2026-04-17T19:40:25-07:00,1,0
global.js,35,js,f5004f94,Anisha Kalgi,2026-04-17,19:40:25,-07:00,2026-04-17T19:40:25-07:00,0,0
global.js,36,js,f5004f94,Anisha Kalgi,2026-04-17,19:40:25,-07:00,2026-04-17T19:40:25-07:00,0,0
global.js,37,js,f5004f94,Anisha Kalgi,2026-04-17,19:40:25,-07:00,2026-04-17T19:40:25-07:00,0,58
global.js,38,js,f5004f94,Anisha Kalgi,2026-04-17,19:40:25,-07:00,2026-04-17T19:40:25-07:00,0,0
global.js,39,js,f5004f94,Anisha Kalgi,2026-04-17,19:40:25,-07:00,2026-04-17T19:40:25-07:00,0,34
global.js,40,js,f5004f94,Anisha Kalgi,2026-04-17,19:40:25,-07:00,2026-04-17T19:40:25-07:00,1,36
global.js,41,js,f5004f94,Anisha Kalgi,2026-04-17,19:40:25,-07:00,2026-04-17T19:40:25-07:00,0,0
global.js,42,js,f5004f94,Anisha Kalgi,2026-04-17,19:40:25,-07:00,2026-04-17T19:40:25-07:00,1,65
global.js,43,js,f5004f94,Anisha Kalgi,2026-04-17,19:40:25,-07:00,2026-04-17T19:40:25-07:00,0,0
global.js,44,js,f5004f94,Anisha Kalgi,2026-04-17,19:40:25,-07:00,2026-04-17T19:40:25-07:00,1,20
global.js,45,js,f5004f94,Anisha Kalgi,2026-04-17,19:40:25,-07:00,2026-04-17T19:40:25-07:00,0,0
global.js,46,js,f5004f94,Anisha Kalgi,2026-04-17,19:40:25,-07:00,2026-04-17T19:40:25-07:00,0,0
global.js,47,js,f5004f94,Anisha Kalgi,2026-04-17,19:40:25,-07:00,2026-04-17T19:40:25-07:00,0,43
global.js,48,js,f5004f94,Anisha Kalgi,2026-04-17,19:40:25,-07:00,2026-04-17T19:40:25-07:00,1,57
global.js,49,js,f5004f94,Anisha Kalgi,2026-04-17,19:40:25,-07:00,2026-04-17T19:40:25-07:00,0,0
global.js,50,js,f5004f94,Anisha Kalgi,2026-04-17,19:40:25,-07:00,2026-04-17T19:40:25-07:00,1,41
global.js,51,js,f5004f94,Anisha Kalgi,2026-04-17,19:40:25,-07:00,2026-04-17T19:40:25-07:00,2,13
global.js,52,js,f5004f94,Anisha Kalgi,2026-04-17,19:40:25,-07:00,2026-04-17T19:40:25-07:00,2,16
global.js,53,js,f5004f94,Anisha Kalgi,2026-04-17,19:40:25,-07:00,2026-04-17T19:40:25-07:00,1,0
global.js,54,js,f5004f94,Anisha Kalgi,2026-04-17,19:40:25,-07:00,2026-04-17T19:40:25-07:00,0,0
global.js,55,js,f5004f94,Anisha Kalgi,2026-04-17,19:40:25,-07:00,2026-04-17T19:40:25-07:00,1,44
global.js,56,js,f5004f94,Anisha Kalgi,2026-04-17,19:40:25,-07:00,2026-04-17T19:40:25-07:00,0,1
global.js,57,js,f5004f94,Anisha Kalgi,2026-04-17,19:40:25,-07:00,2026-04-17T19:40:25-07:00,0,0
global.js,58,js,f5004f94,Anisha Kalgi,2026-04-17,19:40:25,-07:00,2026-04-17T19:40:25-07:00,0,20
global.js,59,js,f5004f94,Anisha Kalgi,2026-04-17,19:40:25,-07:00,2026-04-17T19:40:25-07:00,1,14
global.js,60,js,f5004f94,Anisha Kalgi,2026-04-17,19:40:25,-07:00,2026-04-17T19:40:25-07:00,1,18
global.js,61,js,f5004f94,Anisha Kalgi,2026-04-17,19:40:25,-07:00,2026-04-17T19:40:25-07:00,0,0
global.js,62,js,f5004f94,Anisha Kalgi,2026-04-17,19:40:25,-07:00,2026-04-17T19:40:25-07:00,1,59
global.js,63,js,f5004f94,Anisha Kalgi,2026-04-17,19:40:25,-07:00,2026-04-17T19:40:25-07:00,0,0
global.js,64,js,f5004f94,Anisha Kalgi,2026-04-17,19:40:25,-07:00,2026-04-17T19:40:25-07:00,1,34
global.js,65,js,f5004f94,Anisha Kalgi,2026-04-17,19:40:25,-07:00,2026-04-17T19:40:25-07:00,1,15
global.js,66,js,f5004f94,Anisha Kalgi,2026-04-17,19:40:25,-07:00,2026-04-17T19:40:25-07:00,1,20
global.js,67,js,f5004f94,Anisha Kalgi,2026-04-17,19:40:25,-07:00,2026-04-17T19:40:25-07:00,0,0
global.js,68,js,3ace4987,Anisha Kalgi,2026-04-25,17:25:12,-07:00,2026-04-25T17:25:12-07:00,1,65
global.js,69,js,f5004f94,Anisha Kalgi,2026-04-17,19:40:25,-07:00,2026-04-17T19:40:25-07:00,2,25
global.js,70,js,f5004f94,Anisha Kalgi,2026-04-17,19:40:25,-07:00,2026-04-17T19:40:25-07:00,1,0
global.js,71,js,f5004f94,Anisha Kalgi,2026-04-17,19:40:25,-07:00,2026-04-17T19:40:25-07:00,0,0
global.js,72,js,f5004f94,Anisha Kalgi,2026-04-17,19:40:25,-07:00,2026-04-17T19:40:25-07:00,1,29
global.js,73,js,f5004f94,Anisha Kalgi,2026-04-17,19:40:25,-07:00,2026-04-17T19:40:25-07:00,2,18
global.js,74,js,f5004f94,Anisha Kalgi,2026-04-17,19:40:25,-07:00,2026-04-17T19:40:25-07:00,1,0
global.js,75,js,f5004f94,Anisha Kalgi,2026-04-17,19:40:25,-07:00,2026-04-17T19:40:25-07:00,0,0
global.js,76,js,f5004f94,Anisha Kalgi,2026-04-17,19:40:25,-07:00,2026-04-17T19:40:25-07:00,1,12
global.js,77,js,f5004f94,Anisha Kalgi,2026-04-17,19:40:25,-07:00,2026-04-17T19:40:25-07:00,0,0
global.js,78,js,f5004f94,Anisha Kalgi,2026-04-17,19:40:25,-07:00,2026-04-17T19:40:25-07:00,0,0
global.js,79,js,f5004f94,Anisha Kalgi,2026-04-17,19:40:25,-07:00,2026-04-17T19:40:25-07:00,0,27
global.js,80,js,f5004f94,Anisha Kalgi,2026-04-17,19:40:25,-07:00,2026-04-17T19:40:25-07:00,0,0
global.js,81,js,f5004f94,Anisha Kalgi,2026-04-17,19:40:25,-07:00,2026-04-17T19:40:25-07:00,0,36
global.js,82,js,f5004f94,Anisha Kalgi,2026-04-17,19:40:25,-07:00,2026-04-17T19:40:25-07:00,1,30
global.js,83,js,f5004f94,Anisha Kalgi,2026-04-17,19:40:25,-07:00,2026-04-17T19:40:25-07:00,0,0
global.js,84,js,f5004f94,Anisha Kalgi,2026-04-17,19:40:25,-07:00,2026-04-17T19:40:25-07:00,0,0
global.js,85,js,3ace4987,Anisha Kalgi,2026-04-25,17:25:12,-07:00,2026-04-25T17:25:12-07:00,0,36
global.js,86,js,3ace4987,Anisha Kalgi,2026-04-25,17:25:12,-07:00,2026-04-25T17:25:12-07:00,0,0
global.js,87,js,3ace4987,Anisha Kalgi,2026-04-25,17:25:12,-07:00,2026-04-25T17:25:12-07:00,0,36
global.js,88,js,3ace4987,Anisha Kalgi,2026-04-25,17:25:12,-07:00,2026-04-25T17:25:12-07:00,1,3
global.js,89,js,3ace4987,Anisha Kalgi,2026-04-25,17:25:12,-07:00,2026-04-25T17:25:12-07:00,2,39
global.js,90,js,3ace4987,Anisha Kalgi,2026-04-25,17:25:12,-07:00,2026-04-25T17:25:12-07:00,2,32
global.js,91,js,3ace4987,Anisha Kalgi,2026-04-25,17:25:12,-07:00,2026-04-25T17:25:12-07:00,2,17
global.js,92,js,3ace4987,Anisha Kalgi,2026-04-25,17:25:12,-07:00,2026-04-25T17:25:12-07:00,3,66
global.js,93,js,3ace4987,Anisha Kalgi,2026-04-25,17:25:12,-07:00,2026-04-25T17:25:12-07:00,2,0
global.js,94,js,3ace4987,Anisha Kalgi,2026-04-25,17:25:12,-07:00,2026-04-25T17:25:12-07:00,2,33
global.js,95,js,3ace4987,Anisha Kalgi,2026-04-25,17:25:12,-07:00,2026-04-25T17:25:12-07:00,2,10
global.js,96,js,3ace4987,Anisha Kalgi,2026-04-25,17:25:12,-07:00,2026-04-25T17:25:12-07:00,1,15
global.js,97,js,3ace4987,Anisha Kalgi,2026-04-25,17:25:12,-07:00,2026-04-25T17:25:12-07:00,2,59
global.js,98,js,3ace4987,Anisha Kalgi,2026-04-25,17:25:12,-07:00,2026-04-25T17:25:12-07:00,1,0
global.js,99,js,3ace4987,Anisha Kalgi,2026-04-25,17:25:12,-07:00,2026-04-25T17:25:12-07:00,0,0
global.js,100,js,3ace4987,Anisha Kalgi,2026-04-25,17:25:12,-07:00,2026-04-25T17:25:12-07:00,0,0
global.js,101,js,3ace4987,Anisha Kalgi,2026-04-25,17:25:12,-07:00,2026-04-25T17:25:12-07:00,0,78
global.js,102,js,3ace4987,Anisha Kalgi,2026-04-25,17:25:12,-07:00,2026-04-25T17:25:12-07:00,1,30
global.js,103,js,3ace4987,Anisha Kalgi,2026-04-25,17:25:12,-07:00,2026-04-25T17:25:12-07:00,0,0
global.js,104,js,3ace4987,Anisha Kalgi,2026-04-25,17:25:12,-07:00,2026-04-25T17:25:12-07:00,1,18
global.js,105,js,3ace4987,Anisha Kalgi,2026-04-25,17:25:12,-07:00,2026-04-25T17:25:12-07:00,2,48
global.js,106,js,3ace4987,Anisha Kalgi,2026-04-25,17:25:12,-07:00,2026-04-25T17:25:12-07:00,2,19
global.js,107,js,3ace4987,Anisha Kalgi,2026-04-25,17:25:12,-07:00,2026-04-25T17:25:12-07:00,2,43
global.js,108,js,3ace4987,Anisha Kalgi,2026-04-25,17:25:12,-07:00,2026-04-25T17:25:12-07:00,2,37
global.js,109,js,f303cb62,Anisha Kalgi,2026-05-01,23:15:20,-07:00,2026-05-01T23:15:20-07:00,2,1
global.js,110,js,f303cb62,Anisha Kalgi,2026-05-01,23:15:20,-07:00,2026-05-01T23:15:20-07:00,3,14
global.js,111,js,f303cb62,Anisha Kalgi,2026-05-01,23:15:20,-07:00,2026-05-01T23:15:20-07:00,3,33
global.js,112,js,f303cb62,Anisha Kalgi,2026-05-01,23:15:20,-07:00,2026-05-01T23:15:20-07:00,3,2
global.js,113,js,3ace4987,Anisha Kalgi,2026-04-25,17:25:12,-07:00,2026-04-25T17:25:12-07:00,1,0
global.js,114,js,3ace4987,Anisha Kalgi,2026-04-25,17:25:12,-07:00,2026-04-25T17:25:12-07:00,2,36
global.js,115,js,3ace4987,Anisha Kalgi,2026-04-25,17:25:12,-07:00,2026-04-25T17:25:12-07:00,1,0
global.js,116,js,3ace4987,Anisha Kalgi,2026-04-25,17:25:12,-07:00,2026-04-25T17:25:12-07:00,0,0
global.js,117,js,3ace4987,Anisha Kalgi,2026-04-25,17:25:12,-07:00,2026-04-25T17:25:12-07:00,0,0
global.js,118,js,3ace4987,Anisha Kalgi,2026-04-25,17:25:12,-07:00,2026-04-25T17:25:12-07:00,0,47
global.js,119,js,3ace4987,Anisha Kalgi,2026-04-25,17:25:12,-07:00,2026-04-25T17:25:12-07:00,1,59
global.js,120,js,3ace4987,Anisha Kalgi,2026-04-25,17:25:12,-07:00,2026-04-25T17:25:12-07:00,0,0
resume/index.html,1,html,41d4b30f,Anisha Kalgi,2026-04-03,19:07:59,-07:00,2026-04-03T19:07:59-07:00,0,13
resume/index.html,2,html,41d4b30f,Anisha Kalgi,2026-04-03,19:07:59,-07:00,2026-04-03T19:07:59-07:00,0,14
resume/index.html,3,html,41d4b30f,Anisha Kalgi,2026-04-03,19:07:59,-07:00,2026-04-03T19:07:59-07:00,0,4
resume/index.html,4,html,41d4b30f,Anisha Kalgi,2026-04-03,19:07:59,-07:00,2026-04-03T19:07:59-07:00,1,20
resume/index.html,5,html,41d4b30f,Anisha Kalgi,2026-04-03,19:07:59,-07:00,2026-04-03T19:07:59-07:00,1,68
resume/index.html,6,html,41d4b30f,Anisha Kalgi,2026-04-03,19:07:59,-07:00,2026-04-03T19:07:59-07:00,1,19
resume/index.html,7,html,41d4b30f,Anisha Kalgi,2026-04-03,19:07:59,-07:00,2026-04-03T19:07:59-07:00,1,41
resume/index.html,8,html,f5004f94,Anisha Kalgi,2026-04-17,19:40:25,-07:00,2026-04-17T19:40:25-07:00,1,48
resume/index.html,9,html,41d4b30f,Anisha Kalgi,2026-04-03,19:07:59,-07:00,2026-04-03T19:07:59-07:00,0,5
resume/index.html,10,html,77c5914c,Anisha Kalgi,2026-04-10,19:58:01,-07:00,2026-04-10T19:58:01-07:00,0,19
resume/index.html,11,html,41d4b30f,Anisha Kalgi,2026-04-03,19:07:59,-07:00,2026-04-03T19:07:59-07:00,0,0
resume/index.html,12,html,41d4b30f,Anisha Kalgi,2026-04-03,19:07:59,-07:00,2026-04-03T19:07:59-07:00,0,0
resume/index.html,13,html,77c5914c,Anisha Kalgi,2026-04-10,19:58:01,-07:00,2026-04-10T19:58:01-07:00,1,15
resume/index.html,14,html,77c5914c,Anisha Kalgi,2026-04-10,19:58:01,-07:00,2026-04-10T19:58:01-07:00,1,59
resume/index.html,15,html,41d4b30f,Anisha Kalgi,2026-04-03,19:07:59,-07:00,2026-04-03T19:07:59-07:00,0,0
resume/index.html,16,html,41d4b30f,Anisha Kalgi,2026-04-03,19:07:59,-07:00,2026-04-03T19:07:59-07:00,1,7
resume/index.html,17,html,41d4b30f,Anisha Kalgi,2026-04-03,19:07:59,-07:00,2026-04-03T19:07:59-07:00,2,16
resume/index.html,18,html,41d4b30f,Anisha Kalgi,2026-04-03,19:07:59,-07:00,2026-04-03T19:07:59-07:00,0,0
resume/index.html,19,html,41d4b30f,Anisha Kalgi,2026-04-03,19:07:59,-07:00,2026-04-03T19:07:59-07:00,2,7
resume/index.html,20,html,77c5914c,Anisha Kalgi,2026-04-10,19:58:01,-07:00,2026-04-10T19:58:01-07:00,3,19
resume/index.html,21,html,41d4b30f,Anisha Kalgi,2026-04-03,19:07:59,-07:00,2026-04-03T19:07:59-07:00,3,17
resume/index.html,22,html,41d4b30f,Anisha Kalgi,2026-04-03,19:07:59,-07:00,2026-04-03T19:07:59-07:00,3,22
resume/index.html,23,html,41d4b30f,Anisha Kalgi,2026-04-03,19:07:59,-07:00,2026-04-03T19:07:59-07:00,2,8
resume/index.html,24,html,41d4b30f,Anisha Kalgi,2026-04-03,19:07:59,-07:00,2026-04-03T19:07:59-07:00,0,0
resume/index.html,25,html,41d4b30f,Anisha Kalgi,2026-04-03,19:07:59,-07:00,2026-04-03T19:07:59-07:00,1,8
resume/index.html,26,html,41d4b30f,Anisha Kalgi,2026-04-03,19:07:59,-07:00,2026-04-03T19:07:59-07:00,0,0
resume/index.html,27,html,41d4b30f,Anisha Kalgi,2026-04-03,19:07:59,-07:00,2026-04-03T19:07:59-07:00,1,7
resume/index.html,28,html,41d4b30f,Anisha Kalgi,2026-04-03,19:07:59,-07:00,2026-04-03T19:07:59-07:00,2,17
resume/index.html,29,html,41d4b30f,Anisha Kalgi,2026-04-03,19:07:59,-07:00,2026-04-03T19:07:59-07:00,0,0
resume/index.html,30,html,41d4b30f,Anisha Kalgi,2026-04-03,19:07:59,-07:00,2026-04-03T19:07:59-07:00,2,7
resume/index.html,31,html,77c5914c,Anisha Kalgi,2026-04-10,19:58:01,-07:00,2026-04-10T19:58:01-07:00,3,32
resume/index.html,32,html,77c5914c,Anisha Kalgi,2026-04-10,19:58:01,-07:00,2026-04-10T19:58:01-07:00,3,23
resume/index.html,33,html,77c5914c,Anisha Kalgi,2026-04-10,19:58:01,-07:00,2026-04-10T19:58:01-07:00,3,31
resume/index.html,34,html,41d4b30f,Anisha Kalgi,2026-04-03,19:07:59,-07:00,2026-04-03T19:07:59-07:00,3,2
resume/index.html,35,html,77c5914c,Anisha Kalgi,2026-04-10,19:58:01,-07:00,2026-04-10T19:58:01-07:00,4,42
resume/index.html,36,html,77c5914c,Anisha Kalgi,2026-04-10,19:58:01,-07:00,2026-04-10T19:58:01-07:00,4,31
resume/index.html,37,html,41d4b30f,Anisha Kalgi,2026-04-03,19:07:59,-07:00,2026-04-03T19:07:59-07:00,3,3
resume/index.html,38,html,41d4b30f,Anisha Kalgi,2026-04-03,19:07:59,-07:00,2026-04-03T19:07:59-07:00,2,8
resume/index.html,39,html,41d4b30f,Anisha Kalgi,2026-04-03,19:07:59,-07:00,2026-04-03T19:07:59-07:00,0,0
resume/index.html,40,html,41d4b30f,Anisha Kalgi,2026-04-03,19:07:59,-07:00,2026-04-03T19:07:59-07:00,1,8
resume/index.html,41,html,41d4b30f,Anisha Kalgi,2026-04-03,19:07:59,-07:00,2026-04-03T19:07:59-07:00,0,0
resume/index.html,42,html,41d4b30f,Anisha Kalgi,2026-04-03,19:07:59,-07:00,2026-04-03T19:07:59-07:00,1,7
resume/index.html,43,html,41d4b30f,Anisha Kalgi,2026-04-03,19:07:59,-07:00,2026-04-03T19:07:59-07:00,2,15
resume/index.html,44,html,41d4b30f,Anisha Kalgi,2026-04-03,19:07:59,-07:00,2026-04-03T19:07:59-07:00,0,0
resume/index.html,45,html,41d4b30f,Anisha Kalgi,2026-04-03,19:07:59,-07:00,2026-04-03T19:07:59-07:00,2,7
resume/index.html,46,html,77c5914c,Anisha Kalgi,2026-04-10,19:58:01,-07:00,2026-04-10T19:58:01-07:00,3,22
resume/index.html,47,html,77c5914c,Anisha Kalgi,2026-04-10,19:58:01,-07:00,2026-04-10T19:58:01-07:00,3,39
resume/index.html,48,html,41d4b30f,Anisha Kalgi,2026-04-03,19:07:59,-07:00,2026-04-03T19:07:59-07:00,3,26
resume/index.html,49,html,41d4b30f,Anisha Kalgi,2026-04-03,19:07:59,-07:00,2026-04-03T19:07:59-07:00,2,8
resume/index.html,50,html,41d4b30f,Anisha Kalgi,2026-04-03,19:07:59,-07:00,2026-04-03T19:07:59-07:00,0,0
resume/index.html,51,html,41d4b30f,Anisha Kalgi,2026-04-03,19:07:59,-07:00,2026-04-03T19:07:59-07:00,2,7
resume/index.html,52,html,77c5914c,Anisha Kalgi,2026-04-10,19:58:01,-07:00,2026-04-10T19:58:01-07:00,3,42
resume/index.html,53,html,77c5914c,Anisha Kalgi,2026-04-10,19:58:01,-07:00,2026-04-10T19:58:01-07:00,3,45
resume/index.html,54,html,41d4b30f,Anisha Kalgi,2026-04-03,19:07:59,-07:00,2026-04-03T19:07:59-07:00,3,26
resume/index.html,55,html,41d4b30f,Anisha Kalgi,2026-04-03,19:07:59,-07:00,2026-04-03T19:07:59-07:00,2,8
resume/index.html,56,html,41d4b30f,Anisha Kalgi,2026-04-03,19:07:59,-07:00,2026-04-03T19:07:59-07:00,0,0
resume/index.html,57,html,41d4b30f,Anisha Kalgi,2026-04-03,19:07:59,-07:00,2026-04-03T19:07:59-07:00,1,8
resume/index.html,58,html,41d4b30f,Anisha Kalgi,2026-04-03,19:07:59,-07:00,2026-04-03T19:07:59-07:00,0,0
resume/index.html,59,html,41d4b30f,Anisha Kalgi,2026-04-03,19:07:59,-07:00,2026-04-03T19:07:59-07:00,0,5
resume/index.html,60,html,41d4b30f,Anisha Kalgi,2026-04-03,19:07:59,-07:00,2026-04-03T19:07:59-07:00,0,5
projects/projects.js,1,js,3ace4987,Anisha Kalgi,2026-04-25,17:25:12,-07:00,2026-04-25T17:25:12-07:00,0,55
projects/projects.js,2,js,f303cb62,Anisha Kalgi,2026-05-01,23:15:20,-07:00,2026-05-01T23:15:20-07:00,0,63
projects/projects.js,3,js,3ace4987,Anisha Kalgi,2026-04-25,17:25:12,-07:00,2026-04-25T17:25:12-07:00,0,0
projects/projects.js,4,js,3ace4987,Anisha Kalgi,2026-04-25,17:25:12,-07:00,2026-04-25T17:25:12-07:00,0,55
projects/projects.js,5,js,3ace4987,Anisha Kalgi,2026-04-25,17:25:12,-07:00,2026-04-25T17:25:12-07:00,0,0
projects/projects.js,6,js,3ace4987,Anisha Kalgi,2026-04-25,17:25:12,-07:00,2026-04-25T17:25:12-07:00,0,60
projects/projects.js,7,js,3ace4987,Anisha Kalgi,2026-04-25,17:25:12,-07:00,2026-04-25T17:25:12-07:00,0,0
projects/projects.js,8,js,374e8700,Anisha Kalgi,2026-04-25,17:39:44,-07:00,2026-04-25T17:39:44-07:00,0,48
projects/projects.js,9,js,374e8700,Anisha Kalgi,2026-04-25,17:39:44,-07:00,2026-04-25T17:39:44-07:00,0,0
projects/projects.js,10,js,f303cb62,Anisha Kalgi,2026-05-01,23:15:20,-07:00,2026-05-01T23:15:20-07:00,0,51
projects/projects.js,11,js,f303cb62,Anisha Kalgi,2026-05-01,23:15:20,-07:00,2026-05-01T23:15:20-07:00,2,37
projects/projects.js,12,js,f303cb62,Anisha Kalgi,2026-05-01,23:15:20,-07:00,2026-05-01T23:15:20-07:00,0,0
projects/projects.js,13,js,f303cb62,Anisha Kalgi,2026-05-01,23:15:20,-07:00,2026-05-01T23:15:20-07:00,0,13
projects/projects.js,14,js,3ee37401,Anisha Kalgi,2026-05-01,23:49:37,-07:00,2026-05-01T23:49:37-07:00,0,22
projects/projects.js,15,js,3ee37401,Anisha Kalgi,2026-05-01,23:49:37,-07:00,2026-05-01T23:49:37-07:00,0,21
projects/projects.js,16,js,3ee37401,Anisha Kalgi,2026-05-01,23:49:37,-07:00,2026-05-01T23:49:37-07:00,2,22
projects/projects.js,17,js,3ee37401,Anisha Kalgi,2026-05-01,23:49:37,-07:00,2026-05-01T23:49:37-07:00,0,0
projects/projects.js,18,js,3ee37401,Anisha Kalgi,2026-05-01,23:49:37,-07:00,2026-05-01T23:49:37-07:00,2,26
projects/projects.js,19,js,3ee37401,Anisha Kalgi,2026-05-01,23:49:37,-07:00,2026-05-01T23:49:37-07:00,4,54
projects/projects.js,20,js,3ee37401,Anisha Kalgi,2026-05-01,23:49:37,-07:00,2026-05-01T23:49:37-07:00,2,0
projects/projects.js,21,js,3ee37401,Anisha Kalgi,2026-05-01,23:49:37,-07:00,2026-05-01T23:49:37-07:00,0,0
projects/projects.js,22,js,3ee37401,Anisha Kalgi,2026-05-01,23:49:37,-07:00,2026-05-01T23:49:37-07:00,2,10
projects/projects.js,23,js,3ee37401,Anisha Kalgi,2026-05-01,23:49:37,-07:00,2026-05-01T23:49:37-07:00,4,29
projects/projects.js,24,js,3ee37401,Anisha Kalgi,2026-05-01,23:49:37,-07:00,2026-05-01T23:49:37-07:00,6,54
projects/projects.js,25,js,3ee37401,Anisha Kalgi,2026-05-01,23:49:37,-07:00,2026-05-01T23:49:37-07:00,4,0
projects/projects.js,26,js,3ee37401,Anisha Kalgi,2026-05-01,23:49:37,-07:00,2026-05-01T23:49:37-07:00,2,0
projects/projects.js,27,js,3ee37401,Anisha Kalgi,2026-05-01,23:49:37,-07:00,2026-05-01T23:49:37-07:00,0,0
projects/projects.js,28,js,3ee37401,Anisha Kalgi,2026-05-01,23:49:37,-07:00,2026-05-01T23:49:37-07:00,2,48
projects/projects.js,29,js,3ee37401,Anisha Kalgi,2026-05-01,23:49:37,-07:00,2026-05-01T23:49:37-07:00,2,23
projects/projects.js,30,js,3ee37401,Anisha Kalgi,2026-05-01,23:49:37,-07:00,2026-05-01T23:49:37-07:00,0,0
projects/projects.js,31,js,f303cb62,Anisha Kalgi,2026-05-01,23:15:20,-07:00,2026-05-01T23:15:20-07:00,0,0
projects/projects.js,32,js,f303cb62,Anisha Kalgi,2026-05-01,23:15:20,-07:00,2026-05-01T23:15:20-07:00,0,53
projects/projects.js,33,js,f303cb62,Anisha Kalgi,2026-05-01,23:15:20,-07:00,2026-05-01T23:15:20-07:00,0,0
projects/projects.js,34,js,f303cb62,Anisha Kalgi,2026-05-01,23:15:20,-07:00,2026-05-01T23:15:20-07:00,0,48
projects/projects.js,35,js,f303cb62,Anisha Kalgi,2026-05-01,23:15:20,-07:00,2026-05-01T23:15:20-07:00,2,39
projects/projects.js,36,js,3ee37401,Anisha Kalgi,2026-05-01,23:49:37,-07:00,2026-05-01T23:49:37-07:00,2,11
projects/projects.js,37,js,f303cb62,Anisha Kalgi,2026-05-01,23:15:20,-07:00,2026-05-01T23:15:20-07:00,0,1
projects/projects.js,38,js,f303cb62,Anisha Kalgi,2026-05-01,23:15:20,-07:00,2026-05-01T23:15:20-07:00,0,0
projects/projects.js,39,js,f303cb62,Anisha Kalgi,2026-05-01,23:15:20,-07:00,2026-05-01T23:15:20-07:00,0,0
projects/projects.js,40,js,3ee37401,Anisha Kalgi,2026-05-01,23:49:37,-07:00,2026-05-01T23:49:37-07:00,0,26
projects/projects.js,41,js,3ee37401,Anisha Kalgi,2026-05-01,23:49:37,-07:00,2026-05-01T23:49:37-07:00,0,0
projects/projects.js,42,js,3ee37401,Anisha Kalgi,2026-05-01,23:49:37,-07:00,2026-05-01T23:49:37-07:00,0,47
projects/projects.js,43,js,3ee37401,Anisha Kalgi,2026-05-01,23:49:37,-07:00,2026-05-01T23:49:37-07:00,0,21
projects/projects.js,44,js,f303cb62,Anisha Kalgi,2026-05-01,23:15:20,-07:00,2026-05-01T23:15:20-07:00,0,0
projects/projects.js,45,js,f303cb62,Anisha Kalgi,2026-05-01,23:15:20,-07:00,2026-05-01T23:15:20-07:00,0,38
projects/projects.js,46,js,f303cb62,Anisha Kalgi,2026-05-01,23:15:20,-07:00,2026-05-01T23:15:20-07:00,0,0
projects/projects.js,47,js,f303cb62,Anisha Kalgi,2026-05-01,23:15:20,-07:00,2026-05-01T23:15:20-07:00,2,40
projects/projects.js,48,js,f303cb62,Anisha Kalgi,2026-05-01,23:15:20,-07:00,2026-05-01T23:15:20-07:00,2,26
projects/projects.js,49,js,f303cb62,Anisha Kalgi,2026-05-01,23:15:20,-07:00,2026-05-01T23:15:20-07:00,0,0
projects/projects.js,50,js,f303cb62,Anisha Kalgi,2026-05-01,23:15:20,-07:00,2026-05-01T23:15:20-07:00,2,32
projects/projects.js,51,js,f303cb62,Anisha Kalgi,2026-05-01,23:15:20,-07:00,2026-05-01T23:15:20-07:00,2,29
projects/projects.js,52,js,f303cb62,Anisha Kalgi,2026-05-01,23:15:20,-07:00,2026-05-01T23:15:20-07:00,0,0
projects/projects.js,53,js,f303cb62,Anisha Kalgi,2026-05-01,23:15:20,-07:00,2026-05-01T23:15:20-07:00,2,26
projects/projects.js,54,js,f303cb62,Anisha Kalgi,2026-05-01,23:15:20,-07:00,2026-05-01T23:15:20-07:00,4,12
projects/projects.js,55,js,f303cb62,Anisha Kalgi,2026-05-01,23:15:20,-07:00,2026-05-01T23:15:20-07:00,4,12
projects/projects.js,56,js,f303cb62,Anisha Kalgi,2026-05-01,23:15:20,-07:00,2026-05-01T23:15:20-07:00,4,9
projects/projects.js,57,js,f303cb62,Anisha Kalgi,2026-05-01,23:15:20,-07:00,2026-05-01T23:15:20-07:00,2,0
projects/projects.js,58,js,f303cb62,Anisha Kalgi,2026-05-01,23:15:20,-07:00,2026-05-01T23:15:20-07:00,0,0
projects/projects.js,59,js,f303cb62,Anisha Kalgi,2026-05-01,23:15:20,-07:00,2026-05-01T23:15:20-07:00,2,45
projects/projects.js,60,js,f303cb62,Anisha Kalgi,2026-05-01,23:15:20,-07:00,2026-05-01T23:15:20-07:00,4,10
projects/projects.js,61,js,f303cb62,Anisha Kalgi,2026-05-01,23:15:20,-07:00,2026-05-01T23:15:20-07:00,4,10
projects/projects.js,62,js,f303cb62,Anisha Kalgi,2026-05-01,23:15:20,-07:00,2026-05-01T23:15:20-07:00,2,2
projects/projects.js,63,js,f303cb62,Anisha Kalgi,2026-05-01,23:15:20,-07:00,2026-05-01T23:15:20-07:00,0,0
projects/projects.js,64,js,3ee37401,Anisha Kalgi,2026-05-01,23:49:37,-07:00,2026-05-01T23:49:37-07:00,2,10
projects/projects.js,65,js,f303cb62,Anisha Kalgi,2026-05-01,23:15:20,-07:00,2026-05-01T23:15:20-07:00,2,25
projects/projects.js,66,js,f303cb62,Anisha Kalgi,2026-05-01,23:15:20,-07:00,2026-05-01T23:15:20-07:00,4,13
projects/projects.js,67,js,f303cb62,Anisha Kalgi,2026-05-01,23:15:20,-07:00,2026-05-01T23:15:20-07:00,4,15
projects/projects.js,68,js,f303cb62,Anisha Kalgi,2026-05-01,23:15:20,-07:00,2026-05-01T23:15:20-07:00,0,0
projects/projects.js,69,js,f303cb62,Anisha Kalgi,2026-05-01,23:15:20,-07:00,2026-05-01T23:15:20-07:00,2,27
projects/projects.js,70,js,f303cb62,Anisha Kalgi,2026-05-01,23:15:20,-07:00,2026-05-01T23:15:20-07:00,4,19
projects/projects.js,71,js,f303cb62,Anisha Kalgi,2026-05-01,23:15:20,-07:00,2026-05-01T23:15:20-07:00,0,0
projects/projects.js,72,js,f303cb62,Anisha Kalgi,2026-05-01,23:15:20,-07:00,2026-05-01T23:15:20-07:00,2,33
projects/projects.js,73,js,f303cb62,Anisha Kalgi,2026-05-01,23:15:20,-07:00,2026-05-01T23:15:20-07:00,2,43
projects/projects.js,74,js,f303cb62,Anisha Kalgi,2026-05-01,23:15:20,-07:00,2026-05-01T23:15:20-07:00,0,0
projects/projects.js,75,js,3ee37401,Anisha Kalgi,2026-05-01,23:49:37,-07:00,2026-05-01T23:49:37-07:00,2,20
projects/projects.js,76,js,f303cb62,Anisha Kalgi,2026-05-01,23:15:20,-07:00,2026-05-01T23:15:20-07:00,2,24
projects/projects.js,77,js,f303cb62,Anisha Kalgi,2026-05-01,23:15:20,-07:00,2026-05-01T23:15:20-07:00,4,16
projects/projects.js,78,js,f303cb62,Anisha Kalgi,2026-05-01,23:15:20,-07:00,2026-05-01T23:15:20-07:00,6,13
projects/projects.js,79,js,f303cb62,Anisha Kalgi,2026-05-01,23:15:20,-07:00,2026-05-01T23:15:20-07:00,6,22
projects/projects.js,80,js,f303cb62,Anisha Kalgi,2026-05-01,23:15:20,-07:00,2026-05-01T23:15:20-07:00,6,18
projects/projects.js,81,js,3ee37401,Anisha Kalgi,2026-05-01,23:49:37,-07:00,2026-05-01T23:49:37-07:00,8,56
projects/projects.js,82,js,3ee37401,Anisha Kalgi,2026-05-01,23:49:37,-07:00,2026-05-01T23:49:37-07:00,8,69
projects/projects.js,83,js,f303cb62,Anisha Kalgi,2026-05-01,23:15:20,-07:00,2026-05-01T23:15:20-07:00,0,0
projects/projects.js,84,js,3ee37401,Anisha Kalgi,2026-05-01,23:49:37,-07:00,2026-05-01T23:49:37-07:00,8,11
projects/projects.js,85,js,f303cb62,Anisha Kalgi,2026-05-01,23:15:20,-07:00,2026-05-01T23:15:20-07:00,6,1
projects/projects.js,86,js,f303cb62,Anisha Kalgi,2026-05-01,23:15:20,-07:00,2026-05-01T23:15:20-07:00,2,1
projects/projects.js,87,js,f303cb62,Anisha Kalgi,2026-05-01,23:15:20,-07:00,2026-05-01T23:15:20-07:00,0,0
projects/projects.js,88,js,f303cb62,Anisha Kalgi,2026-05-01,23:15:20,-07:00,2026-05-01T23:15:20-07:00,2,12
projects/projects.js,89,js,f303cb62,Anisha Kalgi,2026-05-01,23:15:20,-07:00,2026-05-01T23:15:20-07:00,2,24
projects/projects.js,90,js,f303cb62,Anisha Kalgi,2026-05-01,23:15:20,-07:00,2026-05-01T23:15:20-07:00,4,17
projects/projects.js,91,js,f303cb62,Anisha Kalgi,2026-05-01,23:15:20,-07:00,2026-05-01T23:15:20-07:00,6,38
projects/projects.js,92,js,f303cb62,Anisha Kalgi,2026-05-01,23:15:20,-07:00,2026-05-01T23:15:20-07:00,6,69
projects/projects.js,93,js,f303cb62,Anisha Kalgi,2026-05-01,23:15:20,-07:00,2026-05-01T23:15:20-07:00,2,1
projects/projects.js,94,js,f303cb62,Anisha Kalgi,2026-05-01,23:15:20,-07:00,2026-05-01T23:15:20-07:00,0,0
projects/projects.js,95,js,f303cb62,Anisha Kalgi,2026-05-01,23:15:20,-07:00,2026-05-01T23:15:20-07:00,0,0
projects/projects.js,96,js,f303cb62,Anisha Kalgi,2026-05-01,23:15:20,-07:00,2026-05-01T23:15:20-07:00,0,0
projects/projects.js,97,js,f303cb62,Anisha Kalgi,2026-05-01,23:15:20,-07:00,2026-05-01T23:15:20-07:00,0,14
projects/projects.js,98,js,f303cb62,Anisha Kalgi,2026-05-01,23:15:20,-07:00,2026-05-01T23:15:20-07:00,0,23
projects/index.html,1,html,41d4b30f,Anisha Kalgi,2026-04-03,19:07:59,-07:00,2026-04-03T19:07:59-07:00,0,13
projects/index.html,2,html,41d4b30f,Anisha Kalgi,2026-04-03,19:07:59,-07:00,2026-04-03T19:07:59-07:00,0,14
projects/index.html,3,html,3ace4987,Anisha Kalgi,2026-04-25,17:25:12,-07:00,2026-04-25T17:25:12-07:00,0,0
projects/index.html,4,html,41d4b30f,Anisha Kalgi,2026-04-03,19:07:59,-07:00,2026-04-03T19:07:59-07:00,0,4
projects/index.html,5,html,3ace4987,Anisha Kalgi,2026-04-25,17:25:12,-07:00,2026-04-25T17:25:12-07:00,1,20
projects/index.html,6,html,3ace4987,Anisha Kalgi,2026-04-25,17:25:12,-07:00,2026-04-25T17:25:12-07:00,1,68
projects/index.html,7,html,3ace4987,Anisha Kalgi,2026-04-25,17:25:12,-07:00,2026-04-25T17:25:12-07:00,1,21
projects/index.html,8,html,3ace4987,Anisha Kalgi,2026-04-25,17:25:12,-07:00,2026-04-25T17:25:12-07:00,1,41
projects/index.html,9,html,3ace4987,Anisha Kalgi,2026-04-25,17:25:12,-07:00,2026-04-25T17:25:12-07:00,1,48
projects/index.html,10,html,f303cb62,Anisha Kalgi,2026-05-01,23:15:20,-07:00,2026-05-01T23:15:20-07:00,1,47
projects/index.html,11,html,41d4b30f,Anisha Kalgi,2026-04-03,19:07:59,-07:00,2026-04-03T19:07:59-07:00,0,5
projects/index.html,12,html,3ace4987,Anisha Kalgi,2026-04-25,17:25:12,-07:00,2026-04-25T17:25:12-07:00,0,0
projects/index.html,13,html,41d4b30f,Anisha Kalgi,2026-04-03,19:07:59,-07:00,2026-04-03T19:07:59-07:00,0,4
projects/index.html,14,html,41d4b30f,Anisha Kalgi,2026-04-03,19:07:59,-07:00,2026-04-03T19:07:59-07:00,0,0
projects/index.html,15,html,374e8700,Anisha Kalgi,2026-04-25,17:39:44,-07:00,2026-04-25T17:39:44-07:00,1,26
projects/index.html,16,html,374e8700,Anisha Kalgi,2026-04-25,17:39:44,-07:00,2026-04-25T17:39:44-07:00,2,15
projects/index.html,17,html,374e8700,Anisha Kalgi,2026-04-25,17:39:44,-07:00,2026-04-25T17:39:44-07:00,1,4
projects/index.html,18,html,3ace4987,Anisha Kalgi,2026-04-25,17:25:12,-07:00,2026-04-25T17:25:12-07:00,0,0
projects/index.html,19,html,f303cb62,Anisha Kalgi,2026-05-01,23:15:20,-07:00,2026-05-01T23:15:20-07:00,1,27
projects/index.html,20,html,f303cb62,Anisha Kalgi,2026-05-01,23:15:20,-07:00,2026-05-01T23:15:20-07:00,2,58
projects/index.html,21,html,f303cb62,Anisha Kalgi,2026-05-01,23:15:20,-07:00,2026-05-01T23:15:20-07:00,2,22
projects/index.html,22,html,f303cb62,Anisha Kalgi,2026-05-01,23:15:20,-07:00,2026-05-01T23:15:20-07:00,1,4
projects/index.html,23,html,f303cb62,Anisha Kalgi,2026-05-01,23:15:20,-07:00,2026-05-01T23:15:20-07:00,0,0
projects/index.html,24,html,f303cb62,Anisha Kalgi,2026-05-01,23:15:20,-07:00,2026-05-01T23:15:20-07:00,1,102
projects/index.html,25,html,f303cb62,Anisha Kalgi,2026-05-01,23:15:20,-07:00,2026-05-01T23:15:20-07:00,0,0
projects/index.html,26,html,f303cb62,Anisha Kalgi,2026-05-01,23:15:20,-07:00,2026-05-01T23:15:20-07:00,1,20
projects/index.html,27,html,f303cb62,Anisha Kalgi,2026-05-01,23:15:20,-07:00,2026-05-01T23:15:20-07:00,2,28
projects/index.html,28,html,b0734d14,Anisha Kalgi,2026-04-10,19:42:44,-07:00,2026-04-10T19:42:44-07:00,1,4
projects/index.html,29,html,41d4b30f,Anisha Kalgi,2026-04-03,19:07:59,-07:00,2026-04-03T19:07:59-07:00,0,0
projects/index.html,30,html,41d4b30f,Anisha Kalgi,2026-04-03,19:07:59,-07:00,2026-04-03T19:07:59-07:00,0,5
projects/index.html,31,html,3ace4987,Anisha Kalgi,2026-04-25,17:25:12,-07:00,2026-04-25T17:25:12-07:00,0,0
projects/index.html,32,html,41d4b30f,Anisha Kalgi,2026-04-03,19:07:59,-07:00,2026-04-03T19:07:59-07:00,0,5
contact/index.html,1,html,41d4b30f,Anisha Kalgi,2026-04-03,19:07:59,-07:00,2026-04-03T19:07:59-07:00,0,13
contact/index.html,2,html,41d4b30f,Anisha Kalgi,2026-04-03,19:07:59,-07:00,2026-04-03T19:07:59-07:00,0,14
contact/index.html,3,html,41d4b30f,Anisha Kalgi,2026-04-03,19:07:59,-07:00,2026-04-03T19:07:59-07:00,0,4
contact/index.html,4,html,41d4b30f,Anisha Kalgi,2026-04-03,19:07:59,-07:00,2026-04-03T19:07:59-07:00,2,20
contact/index.html,5,html,41d4b30f,Anisha Kalgi,2026-04-03,19:07:59,-07:00,2026-04-03T19:07:59-07:00,2,68
contact/index.html,6,html,41d4b30f,Anisha Kalgi,2026-04-03,19:07:59,-07:00,2026-04-03T19:07:59-07:00,2,20
contact/index.html,7,html,b0734d14,Anisha Kalgi,2026-04-10,19:42:44,-07:00,2026-04-10T19:42:44-07:00,2,41
contact/index.html,8,html,f5004f94,Anisha Kalgi,2026-04-17,19:40:25,-07:00,2026-04-17T19:40:25-07:00,2,48
contact/index.html,9,html,41d4b30f,Anisha Kalgi,2026-04-03,19:07:59,-07:00,2026-04-03T19:07:59-07:00,0,5
contact/index.html,10,html,41d4b30f,Anisha Kalgi,2026-04-03,19:07:59,-07:00,2026-04-03T19:07:59-07:00,0,4
contact/index.html,11,html,41d4b30f,Anisha Kalgi,2026-04-03,19:07:59,-07:00,2026-04-03T19:07:59-07:00,0,0
contact/index.html,12,html,41d4b30f,Anisha Kalgi,2026-04-03,19:07:59,-07:00,2026-04-03T19:07:59-07:00,1,14
contact/index.html,13,html,41d4b30f,Anisha Kalgi,2026-04-03,19:07:59,-07:00,2026-04-03T19:07:59-07:00,0,0
contact/index.html,14,html,41d4b30f,Anisha Kalgi,2026-04-03,19:07:59,-07:00,2026-04-03T19:07:59-07:00,0,69
contact/index.html,15,html,41d4b30f,Anisha Kalgi,2026-04-03,19:07:59,-07:00,2026-04-03T19:07:59-07:00,0,0
contact/index.html,16,html,41d4b30f,Anisha Kalgi,2026-04-03,19:07:59,-07:00,2026-04-03T19:07:59-07:00,1,5
contact/index.html,17,html,41d4b30f,Anisha Kalgi,2026-04-03,19:07:59,-07:00,2026-04-03T19:07:59-07:00,2,4
contact/index.html,18,html,41d4b30f,Anisha Kalgi,2026-04-03,19:07:59,-07:00,2026-04-03T19:07:59-07:00,2,31
contact/index.html,19,html,41d4b30f,Anisha Kalgi,2026-04-03,19:07:59,-07:00,2026-04-03T19:07:59-07:00,1,6
contact/index.html,20,html,41d4b30f,Anisha Kalgi,2026-04-03,19:07:59,-07:00,2026-04-03T19:07:59-07:00,1,6
contact/index.html,21,html,41d4b30f,Anisha Kalgi,2026-04-03,19:07:59,-07:00,2026-04-03T19:07:59-07:00,0,0
contact/index.html,22,html,41d4b30f,Anisha Kalgi,2026-04-03,19:07:59,-07:00,2026-04-03T19:07:59-07:00,1,5
contact/index.html,23,html,41d4b30f,Anisha Kalgi,2026-04-03,19:07:59,-07:00,2026-04-03T19:07:59-07:00,2,6
contact/index.html,24,html,41d4b30f,Anisha Kalgi,2026-04-03,19:07:59,-07:00,2026-04-03T19:07:59-07:00,2,20
contact/index.html,25,html,41d4b30f,Anisha Kalgi,2026-04-03,19:07:59,-07:00,2026-04-03T19:07:59-07:00,1,6
contact/index.html,26,html,41d4b30f,Anisha Kalgi,2026-04-03,19:07:59,-07:00,2026-04-03T19:07:59-07:00,1,6
contact/index.html,27,html,41d4b30f,Anisha Kalgi,2026-04-03,19:07:59,-07:00,2026-04-03T19:07:59-07:00,0,0
contact/index.html,28,html,41d4b30f,Anisha Kalgi,2026-04-03,19:07:59,-07:00,2026-04-03T19:07:59-07:00,1,5
contact/index.html,29,html,41d4b30f,Anisha Kalgi,2026-04-03,19:07:59,-07:00,2026-04-03T19:07:59-07:00,2,6
contact/index.html,30,html,41d4b30f,Anisha Kalgi,2026-04-03,19:07:59,-07:00,2026-04-03T19:07:59-07:00,2,31
contact/index.html,31,html,41d4b30f,Anisha Kalgi,2026-04-03,19:07:59,-07:00,2026-04-03T19:07:59-07:00,1,6
contact/index.html,32,html,41d4b30f,Anisha Kalgi,2026-04-03,19:07:59,-07:00,2026-04-03T19:07:59-07:00,1,6
contact/index.html,33,html,41d4b30f,Anisha Kalgi,2026-04-03,19:07:59,-07:00,2026-04-03T19:07:59-07:00,0,0
contact/index.html,34,html,41d4b30f,Anisha Kalgi,2026-04-03,19:07:59,-07:00,2026-04-03T19:07:59-07:00,1,19
contact/index.html,35,html,41d4b30f,Anisha Kalgi,2026-04-03,19:07:59,-07:00,2026-04-03T19:07:59-07:00,0,0
contact/index.html,36,html,41d4b30f,Anisha Kalgi,2026-04-03,19:07:59,-07:00,2026-04-03T19:07:59-07:00,0,5
contact/index.html,37,html,41d4b30f,Anisha Kalgi,2026-04-03,19:07:59,-07:00,2026-04-03T19:07:59-07:00,0,0
contact/index.html,38,html,41d4b30f,Anisha Kalgi,2026-04-03,19:07:59,-07:00,2026-04-03T19:07:59-07:00,0,5
contact/index.html,39,html,41d4b30f,Anisha Kalgi,2026-04-03,19:07:59,-07:00,2026-04-03T19:07:59-07:00,0,5
contact/index.html,40,html,41d4b30f,Anisha Kalgi,2026-04-03,19:07:59,-07:00,2026-04-03T19:07:59-07:00,0,0
contact/index.html,41,html,41d4b30f,Anisha Kalgi,2026-04-03,19:07:59,-07:00,2026-04-03T19:07:59-07:00,0,0
